Country Name,Country Code,Year,GDP per capita current US$,Gov expenditure pct GDP
Dominica,DMA,2023,9912.962127666682,61.66059
Brazil,BRA,2023,10377.58977191948,45.449196
St. Vincent and the Grenadines,VCT,2023,10582.365672522892,38.010178
Albania,ALB,2023,9730.869219068934,29.174093
Dominican Republic,DOM,2023,10630.431743829022,18.970379
