Country Name,Country Code,Year,GDP per capita constant 2015 US$,Gov expenditure pct GDP
Brazil,BRA,2023,9288.02594608687,45.449196
St. Vincent and the Grenadines,VCT,2023,9051.35208011007,38.010178
Bulgaria,BGR,2023,9787.26510772747,37.742313
Russian Federation,RUS,2023,10562.0263671875,36.528725
Grenada,GRD,2023,9817.86383583917,28.924675
Mexico,MEX,2023,10259.1766616403,28.67154
